user_id,name,email,signup_date
1,Francisco Sanchez,thomasbeasley@example.net,2023-10-27 11:07:19
2,Bruce Tanner,gonzalezjohn@example.net,2020-09-21 05:50:06
3,Jamie Smith,sandra73@example.net,2024-03-13 03:21:22
4,Nancy Reyes,psingh@example.org,2021-10-22 16:03:40
5,Patrick Chan,spencer98@example.net,2022-06-25 21:39:10
6,Michelle Hill,thomas52@example.org,2020-05-18 12:25:41
7,Casey Stone,zcole@example.org,2020-09-20 03:06:56
8,Melinda Harris,penastephen@example.org,2021-11-16 23:36:12
9,Jennifer Wiggins,qball@example.net,2022-09-22 22:40:11
10,Leah Petty,amygarcia@example.com,2022-04-04 07:48:28
11,Elizabeth Barnett,sarahbonilla@example.com,2024-04-19 10:22:08
12,Karen Williams,poolenathan@example.com,2022-09-23 15:00:19
13,Raymond Ortiz,ashley24@example.org,2021-12-28 13:18:35
14,Miguel Wright,christophersmith@example.net,2022-12-07 04:01:23
15,Amy Estes,sthomas@example.com,2021-08-11 00:53:03
16,Mary Mora,alexdalton@example.com,2020-05-12 21:54:24
17,Willie Smith,imccoy@example.org,2024-11-26 16:22:22
18,Albert Ramos,aavery@example.net,2020-08-22 18:33:12
19,Robert Murphy,kyle66@example.com,2020-10-05 21:32:13
20,Jay Miller,wkane@example.com,2021-12-24 16:43:17
21,Jason Keller,gonzalezsara@example.net,2020-04-10 23:35:19
22,Paul Long,sscott@example.net,2022-04-30 07:19:52
23,David Moore,julia54@example.net,2023-09-14 05:17:42
24,Dr. Aaron Glass MD,nataliesmith@example.net,2021-07-28 02:20:25
25,George Brennan,sturner@example.com,2021-11-12 15:24:44
26,Mary Rice,gregory39@example.net,2021-08-21 14:06:01
27,Kelly Wiley,angelabryant@example.org,2023-01-06 02:59:32
28,Sara Espinoza,riosluis@example.org,2021-02-03 02:09:53
29,Ashley Hensley,washingtoncharlotte@example.com,2021-08-27 00:00:57
30,Andrew Nelson,kyleroberts@example.net,2023-10-21 02:22:47
31,Kelli Hoffman,gabriel06@example.com,2024-12-01 12:31:22
32,Michael Norton,macdonaldkimberly@example.org,2022-09-26 20:03:33
33,John Daniel,williamdean@example.org,2020-02-18 02:10:28
34,Susan Krueger,gerald24@example.org,2022-11-26 22:31:10
35,Cynthia Hernandez,tmathews@example.net,2022-12-14 03:41:19
36,Tina Washington,alexander74@example.net,2023-07-02 11:25:22
37,Jacqueline Carter,carmenstephens@example.org,2024-11-07 15:46:56
38,Alexandria Jones,vaughnstacy@example.com,2024-07-05 10:45:35
39,Kelli Mitchell,collinsapril@example.com,2024-01-07 16:38:57
40,Jamie Davis,vgarcia@example.net,2023-02-13 15:30:06
41,Michael Cox,rlarson@example.net,2021-08-17 00:34:12
42,Hannah Mann,amanda06@example.net,2022-09-14 06:33:31
43,Vincent Johnson,fwilliams@example.org,2022-10-15 05:49:15
44,Jeffrey Garcia Jr.,ymejia@example.net,2023-04-05 17:11:40
45,Brenda Davila,mary95@example.com,2023-10-22 17:12:39
46,Tiffany Davis,kimberlycrane@example.net,2023-11-05 23:33:10
47,Elizabeth Owens,shane12@example.net,2021-06-18 05:00:01
48,David Haynes,williamanderson@example.org,2024-06-08 15:39:43
49,Sabrina Lopez,millerangela@example.org,2024-01-04 20:14:25
50,Donald Simpson,zdawson@example.com,2023-01-21 03:10:49
51,Jeremy Cruz,jessicadalton@example.net,2024-05-05 06:12:39
52,Robert Meyer,williamlarsen@example.org,2022-11-16 01:30:18
53,Peggy Gonzalez,baileyglass@example.org,2021-03-25 09:15:38
54,Janet Armstrong,donna19@example.org,2021-10-06 03:15:45
55,Nathaniel Franklin,clarkdaniel@example.com,2020-11-04 07:13:40
56,Julie Brown,janicehoffman@example.net,2022-02-01 16:20:23
57,Michael Fox,bmason@example.net,2024-08-12 19:14:55
58,Blake Ewing,brooke05@example.net,2024-11-23 14:41:04
59,Wesley White,matthew09@example.net,2021-07-11 00:08:00
60,Benjamin Gallegos,kmanning@example.net,2021-10-11 02:07:17
61,Miranda Sawyer,michaeldavis@example.org,2021-02-25 20:38:01
62,Randy Leonard,randyclarke@example.com,2021-09-02 18:59:10
63,Shawn Morrison,maciasanthony@example.org,2022-10-15 14:14:00
64,Michael Coffey,kevincalhoun@example.com,2021-11-03 13:16:43
65,Jason Stuart,hlin@example.org,2020-09-21 03:47:22
66,Emily Buchanan,joshuagarcia@example.net,2021-07-30 09:00:11
67,Lisa Levine,yshannon@example.org,2021-07-24 15:44:14
68,Mary White,efritz@example.com,2023-12-26 09:55:04
69,Kelsey Sanchez,caustin@example.com,2022-11-26 13:54:12
70,Shawn Snyder,rhurst@example.org,2020-06-25 19:43:17
71,Daniel Weeks,matthew83@example.com,2021-07-27 17:59:52
72,Catherine Chung,lisa87@example.com,2022-03-16 16:23:51
73,April Vasquez,amber44@example.net,2022-03-06 12:54:17
74,Haley Taylor,simpsonrichard@example.net,2022-09-07 10:38:18
75,Tiffany Middleton,donaldsonnicole@example.com,2024-05-28 06:53:08
76,John Turner,hchase@example.org,2022-04-09 12:16:55
77,Corey Harmon,christopher44@example.org,2020-06-20 07:21:42
78,Jonathan Bentley,edgarmartin@example.net,2024-06-07 08:18:13
79,Catherine Owens,jonathancummings@example.org,2021-11-18 07:04:51
80,Grace Johnson,jonesemily@example.com,2023-10-20 11:10:16
81,Krystal Taylor,brad85@example.net,2024-04-01 00:12:43
82,Nathan French,jennifer42@example.com,2022-06-13 05:52:57
83,Nicholas Rivera,hturner@example.net,2024-03-18 07:12:22
84,Hayley Ferguson,amber51@example.com,2023-01-02 22:55:08
85,Jesse Holt,michaeltorres@example.net,2023-09-30 11:49:37
86,Wendy Knight,robertfox@example.org,2020-11-12 01:19:14
87,Dr. Carolyn Mercado,jblackburn@example.org,2021-11-19 12:07:52
88,Zachary Mitchell,iowen@example.net,2022-09-20 17:14:26
89,Matthew Lee,hannahbanks@example.org,2024-09-04 22:43:01
90,Wendy Mills,pbrown@example.net,2022-04-19 06:13:57
91,Mallory Blanchard,thomasfox@example.net,2023-10-19 03:47:27
92,Diane Howard,smoore@example.org,2020-12-27 04:37:03
93,Kimberly Adams,mcdonaldlinda@example.net,2023-10-07 19:56:35
94,Melissa Dixon,jacqueline47@example.net,2021-07-25 02:35:35
95,Sarah Strong,wilkersonmelissa@example.net,2023-02-06 08:05:14
96,Angela Russo MD,courtney87@example.com,2024-07-11 14:00:03
97,Candice Bowman MD,jesus86@example.org,2022-03-23 00:28:57
98,Samantha Adams,brookschristopher@example.org,2021-12-05 07:31:10
99,Robert Kelley,patrickhernandez@example.org,2024-11-22 06:22:43
100,Chelsea Weber,kimberly19@example.net,2021-09-13 11:28:02
101,Jennifer Reyes,tyler03@example.org,2024-07-05 17:10:58
102,Donna Baker,woodstimothy@example.net,2022-04-29 01:12:23
103,Joseph Williams,perezrobert@example.net,2020-10-03 22:01:14
104,Dennis Wells,owilliams@example.com,2024-11-29 13:11:21
105,John Morgan,adrianaellis@example.com,2022-03-28 03:46:23
106,Elizabeth Powell,hoffmanjoseph@example.com,2020-05-30 11:06:24
107,Robert Guzman,gloriapatrick@example.org,2022-05-09 20:44:11
108,Elizabeth Hines,walkerbrenda@example.net,2023-11-28 15:09:36
109,Thomas Raymond,hayeschristine@example.net,2024-11-24 08:48:43
110,Stefanie Moody,reedanthony@example.com,2020-10-04 03:00:06
111,Kristen Potter,anitasmith@example.org,2021-11-10 00:39:38
112,Jennifer Simmons,stevenmoore@example.org,2024-11-09 14:39:29
113,Mr. Richard Marshall MD,donna45@example.org,2024-08-02 08:18:26
114,Brandon Lloyd,omiller@example.org,2022-11-01 07:57:06
115,Jeffrey Roberts,ybush@example.net,2023-11-16 19:55:42
116,Theresa Davis,morgankevin@example.net,2023-09-26 01:18:42
117,Mark Arellano,kennethlyons@example.org,2022-07-19 06:49:42
118,Sherry Morris,qmiller@example.com,2024-09-29 01:29:47
119,Glenn Nichols,bcurry@example.com,2021-10-27 11:48:22
120,Denise Snow DDS,kathleen93@example.com,2021-10-04 01:22:21
121,Caitlin Anderson,pam62@example.com,2024-08-04 05:29:33
122,Donald Holland,swillis@example.net,2022-12-07 07:27:54
123,Chase Williams,monica95@example.net,2020-02-23 19:18:33
124,Jasmine Taylor,dthompson@example.com,2022-07-14 12:53:49
125,Benjamin Jackson,johnsonjill@example.net,2023-09-05 16:36:32
126,Brandon Gibson,sarah90@example.net,2023-07-07 11:02:34
127,Jennifer James,agomez@example.net,2021-11-30 14:22:00
128,Sandra Little,mayanthony@example.org,2022-05-03 13:04:13
129,Michael Weaver,malonematthew@example.com,2023-10-10 13:23:53
130,Katie Watson,juliechan@example.net,2021-06-03 07:25:17
131,Stephen Dawson,derekrios@example.org,2024-11-27 03:05:41
132,Emily Rogers,usmith@example.net,2022-02-02 21:33:39
133,Steven Cooper PhD,jessicawhite@example.org,2022-11-02 20:52:15
134,Jaime Horn,kevin03@example.com,2023-11-04 20:25:28
135,Christopher Green,nashnicole@example.com,2020-09-17 16:58:00
136,Daniel Richards,nicolebaker@example.net,2022-09-05 13:52:19
137,Tonya Figueroa,stacie11@example.com,2022-09-16 02:07:58
138,Ruth Schmidt,amurphy@example.com,2022-05-04 04:25:15
139,Kristy Perry,chelseajohnson@example.org,2022-03-06 06:43:44
140,Benjamin Stout,fadams@example.org,2021-12-19 09:49:02
141,Daniel Stephens,julielambert@example.net,2020-07-08 01:57:11
142,Ronnie Rodriguez,gregory87@example.org,2024-04-13 12:00:44
143,Craig Mcfarland,stevensonchristy@example.com,2023-07-08 15:58:57
144,Elizabeth Lucas,amy78@example.net,2020-10-30 21:19:35
145,Christina Williams,ashley55@example.net,2022-10-18 12:11:36
146,Valerie Green DDS,kjenkins@example.net,2022-08-07 15:32:53
147,Daniel Brown,brianjones@example.net,2023-11-24 10:15:02
148,Dr. Monica Cruz,alicepham@example.com,2022-05-19 08:08:12
149,Michelle Johnson,davidsonraymond@example.com,2023-03-05 09:48:28
150,Ralph Chambers,dnelson@example.com,2024-10-12 13:25:32
151,Adam Gilmore,jeffersonjade@example.org,2023-03-11 00:20:13
152,Mr. Ronald Warner,kathleen50@example.com,2024-02-19 08:27:24
153,Dennis Chambers,saracook@example.org,2021-03-07 01:36:16
154,Brittany Jacobs,gmartin@example.com,2020-12-25 18:13:29
155,Veronica Smith,pricemargaret@example.net,2021-07-26 06:05:31
156,Christine Cervantes,gabrielle06@example.net,2022-02-13 23:34:30
157,Ashley Alexander,trevorburton@example.net,2020-03-21 18:12:54
158,Eugene Burton DVM,gibbsmichelle@example.org,2021-08-26 06:23:39
159,Adam Newman,hhoffman@example.com,2024-07-01 06:13:20
160,Patricia Graham,bakerchristopher@example.net,2022-10-11 01:13:39
161,Deborah Barber,payneemma@example.org,2022-04-28 23:21:16
162,Nicole Becker,xmay@example.com,2020-07-26 19:53:52
163,Christina Mckay,jonathan91@example.org,2021-08-21 14:04:35
164,Andrew Morales,gswanson@example.net,2020-01-30 15:34:50
165,Olivia Harper,stephanie33@example.com,2021-10-10 01:23:29
166,Joshua Bennett,linda71@example.com,2020-10-23 15:27:54
167,Rebekah Blackburn,mwhite@example.com,2023-11-09 10:38:25
168,Frances Dillon,laurenpotter@example.org,2024-03-26 15:33:15
169,Teresa Smith,austin63@example.net,2021-03-14 16:02:39
170,James Howard,sperez@example.net,2022-10-13 14:59:54
171,Derrick Mendez,brownrobert@example.com,2021-03-09 09:48:43
172,Dwayne Hudson,pkelly@example.org,2022-09-24 09:17:52
173,Jason Rhodes,lopezjessica@example.net,2024-07-21 01:20:00
174,Melissa Gonzalez,allison94@example.net,2024-07-15 11:53:36
175,Amy Riley,singhdaniel@example.net,2022-11-21 18:15:49
176,Terrence Alvarez,james24@example.com,2024-09-13 12:23:19
177,Michael Brown,kpham@example.net,2024-08-28 21:37:37
178,Tyler Garcia,valenciapamela@example.org,2023-06-10 15:44:29
179,David Hicks,jennifer68@example.net,2022-06-13 18:23:24
180,Timothy Gonzalez,tylermartin@example.org,2021-07-10 21:43:31
181,David Hoffman,jnewman@example.org,2021-11-05 17:50:23
182,David Brown,kerrireed@example.net,2022-05-08 21:06:07
183,William Miller,davidsalinas@example.net,2021-11-02 13:12:36
184,Patrick Richardson,mario95@example.org,2020-09-04 05:36:43
185,Latasha Wagner,theresataylor@example.net,2023-05-27 05:44:05
186,Yolanda Keller,hsmith@example.net,2022-03-27 07:49:07
187,Kathryn Lyons,figueroalinda@example.net,2024-01-28 11:13:13
188,Richard Brown,rogersdana@example.org,2022-05-24 16:41:06
189,Valerie Medina,timothystewart@example.net,2023-07-21 17:46:51
190,Cynthia Vasquez,nmartin@example.com,2020-06-17 06:40:42
191,Connie Gillespie,michaelsteele@example.org,2024-08-01 10:17:01
192,Todd Smith,beverlymeyer@example.org,2024-11-04 06:17:54
193,David Marquez,stephen69@example.com,2022-09-20 03:30:52
194,Eric Foster,byrdnicole@example.com,2021-10-16 05:22:56
195,Lauren Gomez,jhaley@example.net,2020-02-09 07:36:34
196,Jessica Robertson,crossjeremy@example.org,2023-03-05 04:36:26
197,Steven Castaneda,april96@example.com,2024-01-14 05:39:59
198,Joy Hoover,james33@example.org,2022-12-02 01:28:04
199,Joseph Taylor,daniellebennett@example.org,2021-11-01 19:44:13
200,Jessica Ochoa,ramosmary@example.net,2024-03-28 05:11:34
201,Michael Rose,rebecca79@example.org,2023-02-19 04:11:01
202,Christine Burnett,zross@example.com,2024-04-01 00:19:46
203,Patricia Holt,brian48@example.com,2023-10-18 20:47:23
204,Andrew Sherman,christine41@example.org,2020-08-03 20:26:33
205,Tanya Nichols,anthonyhunter@example.org,2020-12-05 11:13:09
206,Melinda Wilson,andersonraymond@example.net,2022-06-08 22:50:27
207,Thomas Smith,frandall@example.net,2021-03-09 23:19:37
208,Kevin Smith,leonarddarius@example.com,2021-09-07 13:25:52
209,Susan Butler,cameronmarks@example.net,2022-03-01 14:43:19
210,Thomas Matthews,matthewhood@example.org,2022-05-02 11:20:45
211,Jennifer Sanders,john73@example.net,2021-08-20 02:04:43
212,Ronald Richardson,heatherstephens@example.net,2023-12-14 09:21:57
213,Timothy Barnett,hickmanmichelle@example.org,2020-08-23 01:25:57
214,Renee Reynolds,jessicanorman@example.com,2020-10-02 00:27:21
215,Benjamin Ortiz,tammyjohnson@example.com,2023-03-12 17:47:18
216,Ronald Esparza,andrewperkins@example.com,2020-11-08 22:46:50
217,Lindsey Payne,ahenderson@example.org,2024-03-24 13:44:47
218,Chloe Miller,brooksrobert@example.com,2022-10-16 15:33:52
219,Melanie Jones,tiffany25@example.com,2023-03-03 15:53:53
220,Brett Jones,jessicarice@example.org,2022-09-23 01:25:54
221,Donald Lane,ryan87@example.org,2020-10-20 09:35:46
222,Geoffrey Doyle,tiffanyhoover@example.org,2020-05-30 15:44:40
223,Barbara Mooney,allen19@example.com,2023-09-13 17:36:23
224,Catherine Roberts MD,michelle49@example.com,2023-04-19 23:51:49
225,Jamie Thomas Jr.,clarklaurie@example.com,2023-11-13 22:57:01
226,Megan Bryant,taylor55@example.com,2020-08-13 16:53:05
227,Amy Bartlett,james72@example.com,2022-06-01 23:38:02
228,Virginia Fernandez,michaelgibson@example.net,2022-02-02 00:59:44
229,Kimberly Mcdonald,michael23@example.org,2020-06-30 20:32:47
230,Elizabeth Henderson,taylorramos@example.com,2023-01-30 20:55:29
231,Jessica Walker,dawnsmith@example.com,2021-03-22 19:50:54
232,Sarah Phillips,robert64@example.org,2024-04-17 06:35:29
233,Emma Johnson,lorifernandez@example.net,2023-04-24 04:16:10
234,Tyler Warren,qwolfe@example.net,2021-12-11 03:26:58
235,Eric Lee,jenniferrodriguez@example.net,2023-01-13 08:17:25
236,Heather Butler,susancrawford@example.net,2021-03-16 20:15:32
237,Lauren Smith,burgessmary@example.com,2021-09-30 01:20:34
238,Cynthia Washington,anthony12@example.com,2022-02-09 19:41:17
239,John Jones,amanda99@example.net,2022-09-30 18:35:20
240,Jackie Anderson,huntermiller@example.com,2021-04-30 12:12:03
241,Stephen Patterson,jefferyowens@example.net,2024-08-15 17:03:17
242,Kevin Castillo,ogonzalez@example.com,2020-10-26 23:06:26
243,Matthew Park,adamsaustin@example.com,2020-04-26 07:25:11
244,Richard Kidd,andrewshepherd@example.net,2022-02-21 03:36:10
245,Deborah Bell,geraldmccoy@example.com,2020-01-29 22:29:23
246,Alec Hughes,jesusmurray@example.org,2023-04-14 20:10:14
247,Luke Jenkins,audreymorgan@example.org,2022-11-30 20:19:22
248,Lisa Stevens,mcknightmary@example.com,2021-06-02 17:31:28
249,Stephanie Mills,tara94@example.org,2020-02-26 21:54:00
250,Larry Morrison,matthewvargas@example.net,2021-05-13 04:42:13
251,Nicholas Clark,luke30@example.org,2022-09-02 08:09:26
252,Jeffrey Conner,taralindsey@example.com,2021-02-08 03:11:07
253,Mr. Alex Mcclure,jhays@example.org,2020-03-22 21:42:41
254,Heather Dominguez,michael05@example.net,2022-09-01 14:59:55
255,Nichole Sanford,william49@example.com,2023-07-13 06:33:31
256,Lisa Mckinney,daniel03@example.net,2022-11-30 19:30:58
257,Amber Flores,brad60@example.org,2021-08-03 12:44:55
258,Jonathan Peterson,qthomas@example.com,2020-07-09 09:40:03
259,David Andersen,kmarquez@example.net,2024-06-05 01:26:57
260,Melanie Braun,lauraelliott@example.com,2023-09-21 19:01:37
261,Erica Barrett,lsalazar@example.net,2021-02-15 16:59:02
262,Donald Clay,nclements@example.org,2023-12-01 00:08:48
263,Ricardo Davis,thomascharlotte@example.com,2021-11-18 09:06:59
264,Paul Goodman,carriehill@example.net,2023-06-17 18:17:49
265,Kaitlin Khan,fkim@example.com,2020-02-22 09:24:22
266,Sharon Davis,ybrown@example.com,2023-05-02 19:52:11
267,Thomas Herring,michelle61@example.org,2022-08-29 01:41:13
268,Susan Thomas,watsongreg@example.net,2022-09-11 01:48:19
269,Dana Shepard,omccall@example.com,2020-08-20 19:49:31
270,Whitney Hall,blankenshipaustin@example.org,2020-08-07 05:41:14
271,Rachel Jones,rachelmora@example.com,2021-01-02 02:28:38
272,Timothy Ross MD,monica40@example.com,2024-03-13 00:16:24
273,Amy Owens,rickypham@example.org,2021-08-30 18:14:41
274,Dr. Thomas Davenport,victorjackson@example.net,2020-06-11 12:31:54
275,Jay Thomas,bwall@example.net,2020-02-09 17:55:17
276,Elizabeth Fox,jeffreyfisher@example.com,2020-09-25 02:56:36
277,Amanda Howard,danarodriguez@example.org,2024-07-27 06:46:17
278,Monica Mccormick,leon40@example.org,2024-05-09 19:49:51
279,John Mcintosh,jamie93@example.net,2024-01-03 04:46:16
280,Stacy Ware DDS,ahart@example.org,2023-12-16 07:11:20
281,Summer Andrade,bartonstephanie@example.com,2021-02-08 19:16:14
282,Thomas Wheeler,shelly48@example.com,2021-09-13 16:07:09
283,Paul Barnett,wendy69@example.net,2023-05-09 17:22:39
284,Donna Lopez,castroscott@example.org,2022-05-13 19:07:43
285,Diane Shaw,kimberlynelson@example.net,2024-11-16 01:16:39
286,Francisco Armstrong,xbond@example.org,2020-09-28 12:05:45
287,Valerie Mitchell,christopher00@example.org,2020-04-12 23:24:41
288,Kyle Sanders,richard15@example.com,2021-03-22 18:09:57
289,Howard Lopez,margaretmcbride@example.com,2022-06-18 08:28:55
290,Jonathan Anderson,meyermary@example.net,2023-11-25 08:15:23
291,Krystal Hendricks,ballardyolanda@example.com,2024-08-17 15:44:26
292,David Reid,craigball@example.com,2023-07-30 16:30:00
293,Jerry Montoya,opowers@example.net,2022-01-14 11:19:11
294,Gary Bowers,stacy64@example.net,2021-04-17 13:53:45
295,Jake Novak,clayton35@example.net,2024-02-25 19:30:17
296,Jason Gonzalez,emmashah@example.org,2024-05-01 09:24:36
297,Ashley Walker,murphyjames@example.net,2024-06-20 05:33:43
298,Amanda Smith,annfleming@example.com,2022-07-23 03:39:52
299,Lori Pineda,rgonzalez@example.com,2022-03-03 19:05:45
300,Cynthia Kramer,jeremycole@example.com,2021-10-30 21:51:12
301,Jeremy Hendricks,wattspamela@example.org,2020-01-24 09:18:19
302,Richard Anderson Jr.,kristinburton@example.org,2020-08-18 23:42:52
303,Patrick Smith,jacob43@example.net,2024-05-24 04:30:19
304,Kathleen Schroeder,craig45@example.com,2024-09-15 10:58:59
305,Melissa Evans,joshua21@example.net,2022-07-30 02:07:04
306,Brandi Owens,tracy09@example.net,2021-04-27 22:21:37
307,Gregory Parker,eriklewis@example.net,2024-06-09 15:52:20
308,Karen Harrington,cristian37@example.org,2021-10-05 15:15:05
309,Victoria Turner,uroberts@example.com,2024-11-22 01:01:36
310,Maureen Garcia,bauerlatasha@example.org,2022-07-23 23:44:03
311,Stephen Smith,wagnercrystal@example.net,2024-04-01 20:55:17
312,Christopher Downs,lyonsrobert@example.org,2023-10-06 04:52:37
313,Randall Lloyd,jacqueline79@example.com,2023-04-04 19:37:39
314,Maria Schaefer,tonyatorres@example.net,2023-08-05 08:18:42
315,Tara Porter,abailey@example.com,2020-04-15 13:14:20
316,Christopher English,youngrobert@example.org,2022-12-08 21:20:27
317,Peter Cobb,janet05@example.org,2020-01-07 10:53:31
318,Karen Garcia DDS,jacquelinebird@example.net,2024-05-30 15:50:38
319,Sergio Bradley,charlessmith@example.com,2023-01-25 13:33:04
320,Joseph Roberts,mwhitney@example.org,2020-01-30 05:51:28
321,Jessica Osborne,lsaunders@example.com,2021-01-21 11:17:40
322,Mrs. Holly Simpson,antoniocastillo@example.net,2022-11-21 14:06:47
323,Danielle Brown,mooretanya@example.net,2021-08-08 17:48:46
324,Adam Russell,stevennguyen@example.com,2023-04-28 09:15:41
325,Christopher Sullivan,michael99@example.com,2023-01-19 19:08:43
326,Robert Pineda,sandra90@example.org,2020-10-26 12:33:41
327,Cody Fox,tina24@example.org,2022-11-24 15:23:30
328,Mrs. Melanie Rodriguez,christopherbrooks@example.net,2024-07-15 01:19:58
329,Justin Tucker,smithkristine@example.com,2020-11-10 00:11:01
330,Sydney Fernandez,jimenezkendra@example.org,2024-01-31 17:25:21
331,Leslie Reid,carterchristine@example.com,2024-01-08 16:02:25
332,Eric Morgan,tjuarez@example.org,2022-04-03 16:28:47
333,Michelle Ayala,enixon@example.com,2023-01-10 15:23:27
334,Allison Paul,terriruiz@example.org,2023-03-17 13:55:58
335,Mark Lopez,johnsonbrittany@example.org,2020-06-25 13:27:23
336,David James,whitefaith@example.net,2020-10-01 13:08:20
337,Robert Cook,christopheraustin@example.com,2021-05-30 01:52:12
338,Nicholas Hardy,aaguilar@example.net,2024-05-29 03:01:49
339,Jennifer Mccarthy,ipeterson@example.com,2023-01-19 09:06:15
340,Michaela Watson,amygarcia@example.net,2021-02-04 09:43:58
341,Mark Woods,brandongraham@example.com,2024-02-24 18:41:22
342,Melanie Lynch,daniel00@example.org,2021-02-12 22:55:55
343,Robert Roberts,smoore@example.com,2021-12-08 04:43:08
344,Thomas Wyatt,brittanydonaldson@example.com,2023-03-12 09:41:10
345,George Rivera,yorkkristen@example.net,2023-10-01 20:30:00
346,Paul Bird,aanderson@example.net,2022-11-10 09:58:14
347,Kathleen Vega,jenny99@example.net,2023-09-07 15:34:43
348,Justin Ward,jeffrey82@example.net,2021-09-08 23:40:35
349,Steve Bell,juliehansen@example.net,2023-02-14 16:08:42
350,Kenneth Morton,uellis@example.net,2020-06-24 21:55:33
351,Jennifer Joseph,ztaylor@example.com,2023-06-21 23:29:48
352,Pamela Sanders,apowers@example.net,2023-07-17 06:49:24
353,Jeanne Jackson,zachary44@example.net,2021-05-08 08:26:33
354,Annette Greene,whitneyramirez@example.com,2022-10-21 03:23:13
355,Ronald Robinson,gary43@example.org,2020-07-30 01:09:13
356,Troy Valentine,julie40@example.org,2024-03-02 11:35:45
357,Peter Payne,jessica22@example.com,2023-08-16 10:38:55
358,Holly Black,marykoch@example.org,2020-01-16 23:30:02
359,John Jones,williamsonzachary@example.com,2024-03-04 05:11:05
360,Roy Carroll,ufreeman@example.com,2024-10-31 03:27:58
361,Lauren Bell,yrivera@example.net,2022-04-13 22:11:54
362,Rebecca Bennett,fsoto@example.com,2021-07-31 22:59:15
363,Laura Fisher,jhoward@example.org,2023-06-17 03:41:17
364,Patricia Leonard,russelldaniel@example.org,2020-11-04 05:55:52
365,Brandon Travis,qhawkins@example.com,2024-03-10 18:17:57
366,Kathryn Garcia,alexandragraham@example.org,2024-02-03 18:15:15
367,Cynthia Shelton,alexander08@example.net,2022-11-29 18:29:13
368,Christopher Wade,bharvey@example.com,2022-11-30 11:59:11
369,Rick Torres DVM,michael35@example.org,2021-08-14 21:03:10
370,Sarah Marshall,mariabaldwin@example.org,2022-12-02 19:55:20
371,Sheila Hansen,imartin@example.com,2023-03-17 06:20:14
372,Wendy Choi,imorales@example.org,2023-07-31 19:53:07
373,Matthew Grant,marcusmoore@example.org,2020-11-10 00:08:27
374,Cynthia Alvarez,fullerbrian@example.net,2021-11-23 19:04:15
375,Ashley Petty,alan34@example.org,2022-03-19 03:23:39
376,Lee Carroll,xgreen@example.org,2022-03-23 15:44:26
377,Sarah Donovan,uskinner@example.net,2021-09-08 09:10:48
378,Erin Russell,lindabranch@example.net,2022-03-04 06:26:39
379,Kim Bryant,andersonjames@example.net,2021-05-16 03:25:56
380,Jaime Crane,hmendoza@example.com,2024-03-20 05:11:18
381,Rebecca Mcknight,gperez@example.net,2021-09-12 17:24:12
382,Meagan Ferguson,jason35@example.com,2022-04-24 07:47:34
383,Terry Colon,davidperez@example.net,2020-11-21 03:58:50
384,Hailey Winters,stephanie21@example.net,2024-09-01 13:47:41
385,Martin White,pennycasey@example.net,2022-08-10 03:18:36
386,Curtis Williams,phicks@example.net,2022-04-09 21:34:36
387,Nicholas Cobb,ubrewer@example.net,2024-06-14 10:44:24
388,Phillip Collins,sandra97@example.org,2021-03-04 23:33:26
389,Mrs. Anna Compton,ddominguez@example.org,2021-08-16 19:53:04
390,Cindy Roberts,edwardreid@example.org,2023-05-07 18:15:18
391,Ashley Burnett,karenkelly@example.com,2022-10-21 23:21:20
392,Melissa Patel,lbrown@example.com,2021-05-03 04:18:06
393,Karen Lewis,katelynknox@example.net,2024-06-30 06:11:22
394,Marc Garcia,abbottbrenda@example.org,2021-12-27 01:52:52
395,Michael Moore,mark34@example.org,2024-03-02 21:21:04
396,Cody Olson,jjenkins@example.net,2020-02-13 09:48:28
397,Christine Mack,xmueller@example.net,2021-09-07 15:03:07
398,Trevor Shaw,zbruce@example.net,2024-11-18 05:04:22
399,Jonathan Daniels,julie86@example.com,2021-07-07 20:37:38
400,Meghan Moreno,clintonhill@example.net,2024-05-24 06:32:05
401,Mary Villarreal,geraldreyes@example.com,2024-07-01 20:05:46
402,Terrance Gomez,thomas96@example.com,2020-03-22 00:03:57
403,Amanda Taylor,bryan51@example.net,2024-09-02 04:24:20
404,Jason Morton,morenoricardo@example.org,2022-01-12 09:03:19
405,John Nelson,suttonjanet@example.com,2023-03-19 14:18:07
406,Tony Griffin,mccartykimberly@example.org,2021-05-13 18:24:39
407,Andrew Thompson,ashley17@example.org,2022-04-06 16:29:17
408,Aaron Morrison,john04@example.com,2022-12-18 14:34:16
409,Denise Edwards,williamjohnson@example.net,2023-12-26 15:49:49
410,Daniel Lee,williamschristina@example.net,2022-11-07 02:42:01
411,Kerri Obrien,emmataylor@example.com,2022-04-25 05:06:40
412,William Terrell,larryward@example.net,2020-07-05 03:30:53
413,Mr. Kyle Smith,harrisrichard@example.com,2024-01-27 06:31:58
414,Andrew Thompson,stephennguyen@example.com,2023-06-26 04:23:45
415,Nicholas Grant,william98@example.com,2024-08-02 08:13:20
416,Jerry Gross,john06@example.org,2024-10-04 19:32:05
417,Michael Mccormick,donald11@example.org,2023-12-17 05:37:23
418,Stephen Perez,jonathan11@example.org,2022-06-01 12:39:55
419,Christina Clark,marciablankenship@example.org,2022-02-01 05:59:07
420,Jill Bruce,vrodriguez@example.com,2020-09-04 10:17:37
421,Sheila Hart,christopher52@example.net,2020-02-24 11:34:46
422,Joseph Johnson Jr.,carrie82@example.net,2024-06-25 05:19:34
423,Jessica Martin,joneskayla@example.org,2021-06-26 21:16:52
424,Mary Sanchez,garrisonnicole@example.com,2022-01-12 12:41:56
425,Tina Peters,christineellis@example.net,2020-01-12 18:21:51
426,John Hunt,michele10@example.org,2022-01-31 09:07:40
427,Thomas Jimenez,vickierobinson@example.com,2022-01-30 18:59:05
428,Heather Powell,pstanton@example.org,2023-11-16 23:35:18
429,Jeffrey Bender,qhill@example.com,2021-06-26 20:55:09
430,Mrs. Laura Mejia PhD,gregoryadams@example.com,2020-10-25 09:29:09
431,Scott Johnson,daviseric@example.com,2020-08-18 23:28:30
432,Nancy Jackson,gillespiekevin@example.org,2020-07-29 12:33:53
433,Carla Gray,jonathanlewis@example.net,2021-01-02 10:43:46
434,Steve Graves,freemandaniel@example.com,2024-04-08 22:25:05
435,Victor Hamilton,ikeller@example.com,2022-07-25 17:56:23
436,Dylan Johnson,phillipsdavid@example.org,2024-01-14 13:57:11
437,Kelli Scott,perkinsjennifer@example.com,2020-07-10 10:17:15
438,Elizabeth Allen,sbrown@example.com,2022-02-17 09:11:49
439,Rebecca Stewart,kelly56@example.org,2022-01-21 19:49:06
440,Gary Allison,williamscarl@example.org,2021-10-23 19:11:19
441,Lauren Long,johnhudson@example.net,2023-04-09 23:05:15
442,Micheal Nichols,amanda88@example.com,2021-11-23 05:22:05
443,Jeremy Clark,cnewman@example.net,2021-01-06 00:40:26
444,Robert Moses,arnoldmary@example.net,2024-05-22 09:21:36
445,Mark Morales,gregorycampbell@example.com,2020-06-03 01:00:27
446,Julie Flores DVM,abigail92@example.com,2023-10-19 15:16:21
447,Donna Reed,albertrogers@example.net,2024-08-28 19:10:41
448,Victoria Golden,bryan75@example.net,2024-11-20 20:44:20
449,Rachel Hunt,starklinda@example.net,2023-10-11 04:35:42
450,Kristin Rodgers,smithtimothy@example.org,2022-04-04 04:22:05
451,Lisa Johnson,tammymartinez@example.com,2022-06-22 23:38:08
452,Zachary Robinson,robert60@example.net,2022-07-20 08:33:03
453,Tanya Perry,john70@example.net,2020-03-19 15:40:58
454,Kevin Morse,danielle58@example.net,2023-04-22 20:59:25
455,Peter Matthews,josephbryant@example.net,2024-06-15 13:40:17
456,Charles Hoffman,fergusoncarla@example.com,2022-03-15 21:26:23
457,Richard Lang,hintonjon@example.net,2024-06-04 03:23:25
458,Amanda Charles,amanda24@example.net,2023-10-16 13:14:18
459,Gregory Bradley,shawn96@example.com,2023-06-23 07:51:56
460,Robert Hernandez,robertspatrick@example.com,2023-11-01 00:10:13
461,Ashley Young,vincent38@example.com,2023-01-16 15:45:53
462,Jennifer Hodges,susan04@example.org,2021-05-05 16:02:48
463,Raymond Lowe,kathryncole@example.net,2024-06-27 13:49:27
464,Lisa Castro,croth@example.org,2022-01-22 00:54:27
465,Charles George,jeremy01@example.com,2021-02-24 05:32:24
466,Virginia Davis,whitakerjasmine@example.com,2021-03-10 19:05:16
467,Jordan Vincent,cassandra92@example.com,2024-03-05 11:34:52
468,Lori White,berryrobert@example.com,2020-11-10 06:57:02
469,Laura Roberts,williamsedward@example.net,2023-09-08 23:06:08
470,Gina Morris,troy71@example.net,2024-03-10 17:38:33
471,Rebecca Wiley,matthewsashley@example.com,2023-01-04 21:24:31
472,Riley Dean,karenaguilar@example.net,2020-08-26 12:37:06
473,Stacey Sanders,bbaker@example.org,2022-04-07 18:24:47
474,Kathryn Mcdaniel,berryregina@example.net,2022-01-11 01:10:48
475,Lori Gordon,michaeldawson@example.org,2022-06-07 10:08:09
476,Kevin Colon,michaelhernandez@example.com,2024-07-18 13:23:10
477,Joseph Miller,smiller@example.com,2024-02-01 07:16:37
478,Dr. Sheila King,marquezamanda@example.net,2023-03-15 07:11:10
479,Mr. Douglas Lee Jr.,wendy02@example.com,2021-05-01 22:12:08
480,Corey Fuller,sdillon@example.com,2024-12-04 11:36:38
481,Jean Stewart,jessica54@example.com,2021-12-20 17:13:27
482,Jennifer Griffin,wheelerwilliam@example.org,2021-07-19 13:41:21
483,Laura Cowan,joseph54@example.net,2022-01-01 03:36:25
484,Sherry Webb,ybell@example.net,2020-06-29 08:42:59
485,Sheryl Little,harrisangela@example.com,2023-05-14 02:44:06
486,Sandra Moore,heather60@example.com,2022-01-05 23:10:57
487,Mark Ross,eshaw@example.org,2024-06-09 21:32:30
488,Stephen Escobar,victoriaellis@example.org,2023-02-06 09:34:10
489,Craig Romero,iesparza@example.net,2024-03-12 03:38:35
490,James Brown,econtreras@example.org,2021-10-09 04:12:53
491,Sabrina Smith,rlang@example.org,2022-02-23 07:27:46
492,Heather Gibbs,dhudson@example.net,2021-11-19 04:48:54
493,Madison Lester,sandovalkimberly@example.org,2023-01-03 07:35:47
494,Courtney Peterson,debbie41@example.org,2023-12-12 01:34:37
495,Heather Smith,carrilloandrew@example.com,2020-06-27 03:26:51
496,Katherine Lewis,williamsjames@example.net,2021-02-19 06:33:13
497,Denise Peters,rchristensen@example.com,2023-11-27 17:08:21
498,William Martinez,uwood@example.com,2020-08-10 18:13:49
499,Teresa Young,toddbennett@example.net,2024-07-19 15:02:09
500,Stephen Wang,nsteele@example.net,2023-03-16 08:50:50
501,Kevin Lopez,npeters@example.net,2021-03-29 02:17:16
502,Tamara Hall,brownrichard@example.net,2024-05-10 03:07:30
503,Isaac English,stacy90@example.net,2022-10-14 02:16:38
504,Sierra Flores,jonathan01@example.net,2020-12-02 19:45:29
505,Robert Williams,jennifer78@example.net,2024-08-20 04:48:41
506,Julie Oconnell,andreasalazar@example.com,2021-05-01 06:03:07
507,Aaron Howard,morrisbecky@example.org,2022-01-28 09:56:34
508,Jennifer Cowan,fullerjames@example.com,2021-08-06 00:35:29
509,Brent Clements,sandrawilson@example.org,2024-11-03 09:30:09
510,Michael Shelton,mitchellvalerie@example.com,2021-09-18 09:03:04
511,Heather Rivas,johnwhitney@example.net,2021-10-08 21:46:46
512,Martin Choi,fergusonmichele@example.com,2020-05-03 20:50:15
513,George Cunningham,kthompson@example.com,2021-05-06 18:28:57
514,James Haynes,aprilmccann@example.com,2023-09-08 02:10:50
515,Eric Williams,mosscharles@example.org,2024-10-23 13:45:22
516,Kathy Luna,fisherbrian@example.net,2021-01-29 20:53:30
517,Emily York,charleshernandez@example.com,2024-01-06 20:22:11
518,Ethan Trevino,lisa18@example.net,2020-03-08 17:40:54
519,Jessica Brown,brownthomas@example.org,2024-06-02 23:51:33
520,Jaclyn Woodard,imclean@example.net,2022-03-21 01:03:54
521,Theresa Brennan,murphylisa@example.com,2023-10-24 19:27:20
522,Nicholas Smith,christophercarter@example.com,2023-11-01 10:00:05
523,Laura Hammond,kevinmorrison@example.org,2021-01-28 03:36:38
524,Veronica Cunningham,anthony59@example.org,2020-10-22 12:42:00
525,Jennifer Cooper,jason58@example.com,2024-02-12 22:00:01
526,James Griffin,lsummers@example.org,2020-07-24 07:47:50
527,Mariah Pena,zmontgomery@example.com,2021-04-18 01:17:25
528,Sandra Parker,smitherica@example.org,2022-07-27 07:22:46
529,Mr. Nicholas Collins,nancypowell@example.net,2024-02-14 22:38:04
530,Jenna White,wjohnson@example.net,2020-07-31 16:25:13
531,Matthew Ray,dtyler@example.net,2021-04-30 15:28:01
532,Thomas Ortiz,jennifer66@example.net,2024-08-20 07:59:47
533,Christopher Stevens,nrobinson@example.net,2020-04-05 02:13:13
534,Meghan Sutton,jeremyadkins@example.com,2020-01-11 01:31:42
535,Travis Burns,ywest@example.net,2024-05-02 10:38:24
536,Jennifer Leon,esparzabobby@example.com,2020-08-13 14:27:44
537,Natalie Cook,william58@example.net,2024-04-10 22:51:20
538,George Sexton,heather89@example.com,2023-05-21 22:26:57
539,Robert Howard,olsonmichelle@example.net,2020-06-15 08:53:38
540,Bernard Ramirez,aimeewoodard@example.com,2023-05-29 03:23:15
541,Sarah Rose,kelly94@example.net,2024-10-28 12:22:02
542,Sherry Saunders,mckinneykyle@example.org,2020-07-05 01:16:58
543,Shelby Martin,jennifer54@example.com,2024-10-10 22:45:32
544,Sheena Griffin,stacey67@example.net,2023-10-10 03:03:00
545,Justin Williams,samanthalozano@example.org,2022-10-15 22:08:19
546,Heather Cross,nathannguyen@example.org,2021-11-23 10:53:38
547,Samuel Lopez,michele26@example.net,2021-12-30 13:36:19
548,Danielle Johnson,scott83@example.com,2020-02-21 17:48:29
549,Samuel Navarro,mbailey@example.com,2024-08-09 21:45:07
550,Mr. Michael Hanna,thomashayes@example.com,2023-10-29 17:31:55
551,Christy Horn,gordonkaren@example.net,2020-05-15 03:23:45
552,Christian Bolton,lisasparks@example.net,2022-12-16 22:03:29
553,Jenna Hughes,nicole69@example.com,2024-04-12 06:50:40
554,Sharon Chapman,erica46@example.net,2024-09-29 04:21:54
555,George Clark,richard70@example.org,2022-03-22 08:11:34
556,Bruce Williams,katherine63@example.org,2021-03-30 15:43:10
557,Christie Salinas,ydavis@example.org,2024-07-19 13:15:18
558,Isaac Johnson,brandon69@example.net,2021-12-27 03:35:27
559,Claudia Stafford,melissarussell@example.net,2022-09-02 07:41:43
560,Nicole Fernandez,jose07@example.org,2022-07-14 19:17:27
561,Jillian Cunningham,fgibson@example.org,2022-04-14 21:43:10
562,Scott Stephens,shaneross@example.net,2024-09-16 23:48:56
563,Megan Davis,ogardner@example.net,2020-06-05 19:21:05
564,Tanya Benson,ryan09@example.net,2020-04-17 02:41:31
565,Dr. Jocelyn Larson,cabrerajohn@example.org,2023-10-10 23:25:50
566,Melissa Reed,pestrada@example.com,2020-03-14 15:54:14
567,Michael Mcfarland,yangcandace@example.net,2020-10-08 20:06:42
568,Chad Stuart,danielsnathaniel@example.net,2024-08-08 12:06:58
569,Herbert Lawson,adamsimon@example.com,2021-04-01 12:20:23
570,Daniel Duncan,maxwellalexandra@example.com,2022-01-26 09:12:07
571,Timothy Simmons,goodwinmelissa@example.org,2022-03-07 21:03:58
572,Rachel Stevenson,lorijones@example.org,2020-03-13 15:44:09
573,Walter Holmes,fmoore@example.org,2024-02-05 02:50:40
574,Christopher Martinez,jacobhernandez@example.com,2020-03-13 21:29:02
575,Kathy Yu,wroberts@example.org,2020-01-25 21:15:24
576,Lisa Lawson,pparrish@example.com,2022-09-17 15:12:09
577,Corey Richardson,donnafletcher@example.net,2023-07-20 20:54:20
578,David Chambers,david32@example.com,2022-10-18 10:25:55
579,Julia Peck,longfred@example.org,2022-12-20 17:56:49
580,Crystal Rollins,cookkatelyn@example.com,2021-02-24 11:07:59
581,Richard Coleman,fburke@example.net,2021-08-30 12:55:46
582,Kenneth Rogers,qjames@example.org,2021-05-27 15:17:11
583,Jeffery Bell,marymorris@example.org,2020-07-13 07:44:38
584,John Holt,andrewsnow@example.com,2024-09-25 06:11:32
585,Kathy Jordan,narnold@example.org,2020-03-14 14:22:17
586,John Lee,efisher@example.org,2022-08-19 14:14:11
587,Brent Williams,bbennett@example.org,2022-11-08 06:47:36
588,Walter Wolf,yrussell@example.net,2021-04-01 16:58:09
589,Luis Anderson,abigailwright@example.net,2021-01-29 20:02:30
590,Jason Humphrey,wilsonbrandon@example.net,2020-06-17 03:54:30
591,Christopher Carlson,stephanie92@example.com,2023-03-01 21:07:07
592,Steven Woodward,fdunn@example.org,2022-02-14 01:35:24
593,Sarah Keller,derek75@example.com,2020-11-14 11:24:04
594,Troy Graves,anneconway@example.org,2020-12-26 11:47:31
595,Edward Barnes,ymorris@example.org,2020-03-27 02:29:25
596,Linda Diaz,dennis05@example.net,2020-12-25 20:43:44
597,Laura Snyder,ryanmacias@example.org,2021-06-14 13:08:56
598,David Baker,jordanwells@example.net,2020-04-19 10:11:06
599,Alexander Jones DDS,jesse78@example.com,2022-11-22 15:27:53
600,Kelly Parker,bryan63@example.org,2020-04-30 14:23:19
601,Jerry Williams,nchapman@example.org,2024-10-24 02:37:33
602,Jeremy Jacobson,patricia96@example.org,2021-12-31 07:25:12
603,Brian Scott,stevensmax@example.org,2022-04-20 15:44:06
604,Christina Miranda,christianshawn@example.net,2024-08-28 21:24:59
605,Joseph Benton,smithjohn@example.org,2022-09-17 19:22:42
606,Stephen Lynch,natalie60@example.org,2020-09-20 15:09:28
607,Randall Jackson,watersmichele@example.org,2021-01-23 05:52:35
608,Dylan Huff,jdominguez@example.org,2023-05-26 08:33:26
609,Timothy Dixon,mitchellkayla@example.net,2021-10-28 07:51:10
610,Joel Brown,rodney78@example.com,2022-02-20 17:37:25
611,Kelsey Wade,tranryan@example.net,2022-07-26 21:15:38
612,Michelle Morrison,christopher14@example.org,2020-03-15 22:59:04
613,Amy Velasquez,kristintravis@example.org,2023-07-24 01:49:06
614,Benjamin Schaefer,richard58@example.org,2021-02-04 02:20:00
615,Maria Alexander,heather61@example.org,2022-09-28 17:42:58
616,Kurt Hall,hmartin@example.net,2020-02-01 01:57:48
617,Trevor Rios,jonestanya@example.org,2022-04-07 08:31:40
618,Phillip Robles,smithmaria@example.com,2024-04-21 07:19:53
619,Michelle Stone,evandouglas@example.net,2023-09-30 20:59:15
620,Matthew Pham,gutierrezebony@example.org,2021-08-02 22:23:33
621,Ronald Walsh,chanson@example.org,2024-11-10 00:10:04
622,Richard Campbell,michael18@example.org,2023-11-11 21:34:02
623,Bethany Ray,uhendrix@example.org,2022-11-18 11:07:34
624,William Keller,chadrogers@example.com,2020-02-02 10:04:45
625,Wayne Baker,jonathan47@example.com,2023-06-19 20:04:22
626,Gary Bell,gconrad@example.com,2021-09-24 19:21:15
627,Eric Davidson,bensonrobert@example.net,2021-03-26 17:47:49
628,Paul Pugh,dorisferguson@example.net,2020-12-04 00:25:11
629,Ralph Rasmussen,xjackson@example.net,2020-01-09 00:32:33
630,Hannah Garcia,edixon@example.org,2024-07-06 04:46:38
631,Regina Diaz,lancedelgado@example.org,2023-12-29 13:07:29
632,Lauren Moore,martinezlisa@example.org,2022-09-10 03:53:19
633,Michelle Campbell,joseph84@example.org,2022-08-11 22:45:32
634,James Berger,bvazquez@example.net,2022-04-23 11:31:50
635,Anthony Lynch,huntersamuel@example.com,2020-12-21 22:47:30
636,Ashley Henry,billypennington@example.org,2022-05-19 01:30:33
637,Kevin Savage,charles25@example.org,2024-05-05 18:47:25
638,Nancy Carson,tracybuchanan@example.com,2022-05-04 21:47:19
639,Richard Graham,dpotter@example.com,2022-03-24 12:29:03
640,Shaun Edwards,sherryalexander@example.org,2021-05-02 19:32:00
641,Alexander Cardenas,wolfpam@example.net,2020-04-05 13:12:06
642,Tonya Jones,mreid@example.com,2020-05-08 10:35:37
643,Michael Murphy,alexisklein@example.org,2024-05-19 19:21:03
644,Brenda Kaufman,robertguzman@example.net,2021-02-25 13:42:20
645,Alexis Morgan,samantha01@example.org,2023-02-06 19:26:56
646,Madeline Beck,alexanderjohnson@example.org,2022-01-06 02:09:15
647,Philip Ramirez,brian63@example.org,2024-02-26 02:12:52
648,Vicki Gordon,butlerjames@example.org,2021-09-03 17:19:28
649,James Glover,ydean@example.net,2024-09-16 20:19:03
650,Derek King,clarkebony@example.org,2022-09-02 02:59:28
651,Angel Thomas,christopher32@example.org,2022-02-13 15:20:32
652,Barbara Price,brittany22@example.net,2020-10-30 12:27:17
653,Richard Wells,obird@example.net,2024-05-18 08:49:06
654,Harold Miller MD,stephanieduncan@example.net,2022-06-15 03:21:29
655,Eric Hayes,keithjohnson@example.net,2024-09-07 19:50:37
656,Amy Pena,scottdominique@example.org,2024-01-04 19:50:20
657,Thomas Jennings,rodgersalyssa@example.com,2021-08-20 04:50:33
658,Jose White,skidd@example.com,2020-02-21 13:38:35
659,Michael Gonzalez,salinaspamela@example.org,2023-07-14 18:09:13
660,Colin Galloway,silvamatthew@example.org,2024-02-07 12:47:19
661,Rachel Cain,gsavage@example.net,2023-07-13 07:05:19
662,Kristen Morris,christopher42@example.net,2022-08-17 03:48:11
663,Pamela Greene,veronica73@example.org,2023-02-09 02:19:55
664,Travis Todd,riveratara@example.com,2021-01-13 20:39:12
665,Alexis Hendrix,phillip44@example.com,2021-04-21 11:44:01
666,Anthony Richards,hailey27@example.org,2022-07-08 09:18:38
667,Ryan Burnett,dana25@example.com,2021-10-16 22:23:38
668,Shawn Rodriguez,sandersamber@example.org,2021-03-14 20:39:50
669,Heather Gomez,ericbarnes@example.org,2022-07-16 15:19:40
670,Brian Hoover,johnstephens@example.com,2023-10-25 13:51:12
671,Cynthia Combs,wilkinsondarlene@example.net,2021-05-23 09:32:33
672,Elizabeth Smith DVM,thompsonkelsey@example.org,2021-07-02 15:01:45
673,Desiree Brown,lnorton@example.org,2021-02-01 08:05:22
674,Jennifer Charles,benjamin18@example.net,2024-03-16 13:57:39
675,Alan Brown,susanacosta@example.com,2023-04-16 00:26:42
676,Audrey Davis,ijones@example.org,2020-05-02 10:04:51
677,Kevin Thompson,wgray@example.com,2021-06-10 15:01:43
678,Lori Lester,nicolas04@example.org,2022-02-24 19:02:06
679,Stacy Wade,bryancaleb@example.net,2021-02-18 03:16:49
680,Paul Sanchez,brentbrooks@example.net,2020-06-02 04:47:43
681,Scott Morgan,julie03@example.net,2021-04-30 11:23:36
682,Amanda Stevens,zachary15@example.org,2023-07-25 06:13:09
683,Robert Robinson,priscillawarner@example.net,2023-11-22 00:10:24
684,Henry Phillips,lauren55@example.com,2023-03-12 09:43:05
685,Maureen Ortega,nathan11@example.com,2021-02-28 20:02:32
686,Mr. Jeffrey Cortez Jr.,patriciapope@example.net,2020-10-13 09:53:49
687,Nicole Johnson,taylorsamantha@example.com,2022-08-17 17:03:18
688,Mrs. Crystal Clarke,zsanders@example.com,2024-11-13 21:17:29
689,Dr. Jamie Barker,btownsend@example.net,2022-11-23 11:48:52
690,Mary Duncan,angelarodriguez@example.com,2022-08-28 18:13:52
691,Antonio Irwin,ruth10@example.net,2022-07-02 05:45:18
692,Toni Steele,wvillanueva@example.org,2022-10-01 14:00:11
693,Kristopher Smith MD,victor75@example.net,2023-06-14 19:47:32
694,Ann Rogers,ihooper@example.org,2023-06-05 11:45:10
695,Catherine Cameron,cmason@example.com,2021-09-27 08:33:26
696,Douglas Martin,zwilson@example.com,2020-09-28 01:57:48
697,Shirley Combs,ramirezmichael@example.net,2021-06-13 17:54:16
698,Crystal Graves,christina87@example.net,2023-08-01 22:31:28
699,Melissa Gordon MD,kathy63@example.net,2023-01-04 04:42:25
700,Erik Wheeler,phillipsthomas@example.net,2021-10-24 10:00:17
701,Danielle Marks,douglasli@example.net,2024-06-15 20:27:07
702,Yvette Marsh,meghanperez@example.com,2023-12-27 13:35:54
703,Joshua Gonzalez,beardcynthia@example.org,2021-08-01 08:10:38
704,Jacqueline Garcia,qsavage@example.org,2021-01-15 03:56:50
705,Michael Mckay,larsonjoseph@example.com,2021-08-06 17:42:35
706,Julie Richmond,murphyandrew@example.com,2023-08-25 10:37:08
707,James Miller,alyssacraig@example.org,2024-09-23 10:31:46
708,Michael Lane,csmith@example.com,2023-12-22 10:50:50
709,Brian Larson,uperkins@example.org,2020-11-26 22:06:50
710,Amanda Jordan,stewartnathaniel@example.org,2021-12-29 08:53:12
711,Andrea Sampson,phamcharles@example.org,2023-03-28 13:32:43
712,Derek Simmons,lauren82@example.com,2020-10-16 01:16:38
713,Alexandra Ross,vincentdiaz@example.org,2024-06-02 11:17:23
714,Jasmine Atkins,thomasraymond@example.com,2023-03-14 17:30:49
715,Edward Campbell,brianna45@example.net,2021-12-01 00:45:07
716,Sheila Chang,hamiltonjames@example.net,2020-10-17 00:02:06
717,Debra Pineda,kfarmer@example.net,2024-08-11 03:41:03
718,Martin Galvan,patricia33@example.net,2022-05-30 09:38:45
719,Angel Nunez,ellisjeffrey@example.com,2021-07-29 13:59:57
720,Taylor Poole,thomas34@example.com,2024-01-09 21:47:10
721,Sean Hill,hkelly@example.net,2021-07-24 12:55:27
722,Sherri Castillo,ryan72@example.net,2023-10-01 21:54:29
723,Paul Mckinney,andreahaynes@example.net,2024-10-21 01:55:49
724,Joshua Dominguez,bailey72@example.net,2023-07-03 22:32:02
725,Travis Evans,myersmichelle@example.com,2021-08-07 19:19:10
726,Erica Martinez,turnerjoseph@example.com,2024-08-08 14:51:48
727,Tracey Freeman,nicolespears@example.com,2021-04-07 16:36:15
728,David Shah,kirkdominique@example.net,2024-10-22 05:30:22
729,Nicholas Campbell,dennis37@example.org,2024-11-08 14:18:56
730,John Blake,kathryncamacho@example.com,2023-10-19 14:36:37
731,Cynthia Middleton,perezdonna@example.org,2020-12-09 02:16:40
732,Colleen Garcia DDS,sandra71@example.com,2020-02-24 19:01:12
733,Terri Dunn,qgreen@example.com,2021-12-19 05:41:54
734,Linda Carlson,meghanwalker@example.com,2022-11-28 06:12:05
735,Shannon Lawrence,cookvictoria@example.org,2022-08-31 04:24:57
736,Chris Marshall,ashley35@example.org,2022-05-09 10:35:14
737,Tina Dawson,palmererin@example.com,2023-04-19 02:35:00
738,Lisa Young,ambergonzales@example.net,2021-10-17 03:11:46
739,Kristi Dixon,ghamilton@example.org,2020-03-11 22:51:42
740,Thomas Rodriguez,heather72@example.net,2022-12-15 00:57:14
741,Nicole Grant,bridget53@example.org,2024-03-05 00:08:24
742,Adam Carroll,myersraymond@example.com,2022-07-01 17:46:48
743,Michael Smith,bfrazier@example.net,2022-07-04 11:41:01
744,Adam Moran,delacruzlauren@example.com,2020-08-12 23:33:38
745,Christopher Gray,bartlettmolly@example.org,2020-07-04 13:29:41
746,Victoria Burke,johnsonjohn@example.org,2023-05-29 19:24:35
747,Alexandria Erickson,tinaflores@example.net,2022-04-12 22:34:26
748,Debbie Hernandez,patriciabrock@example.net,2023-08-06 04:49:59
749,Scott Garza,leonarddaniel@example.com,2020-10-24 18:49:01
750,Jordan Weaver,bjones@example.net,2020-11-07 07:45:04
751,Michelle Lewis,njones@example.org,2023-03-13 21:53:15
752,Michael Mullins,josephdunn@example.com,2024-05-09 00:52:15
753,Patricia Neal,stephaniemoore@example.com,2023-10-01 21:07:37
754,Jill Watson,rogerssheila@example.com,2021-02-06 03:38:15
755,Kristin Jones,christopherherman@example.com,2023-08-28 00:22:55
756,Amy Wilson,bateschristine@example.org,2024-10-20 14:40:06
757,Joseph Shah,millstony@example.com,2021-06-16 05:23:26
758,Stacy Shea,benjaminbrown@example.com,2021-10-02 08:45:53
759,Brandon Dickerson,irodriguez@example.com,2021-08-16 14:18:18
760,Travis Moody,debrakelly@example.com,2024-01-23 12:39:04
761,David James,dianephillips@example.com,2023-02-28 03:33:15
762,Amy Goodwin,emily91@example.com,2023-12-07 17:06:35
763,Jesse Rogers,lindamonroe@example.com,2020-07-27 14:00:39
764,Eric Juarez,heathermartin@example.com,2022-05-18 13:15:09
765,Robert Spears,franklinsarah@example.org,2021-08-09 09:44:16
766,Kyle Jacobs,kochchristopher@example.com,2020-05-24 16:58:15
767,Cody Ray,daniel50@example.com,2024-10-14 12:04:24
768,Penny West,ortizjennifer@example.net,2024-03-24 07:04:32
769,Karina Lewis,msanchez@example.com,2022-07-18 09:05:06
770,Christina Hess,wilsonjoshua@example.net,2024-08-11 08:56:16
771,Jorge Cole,tinaarnold@example.net,2020-03-23 11:30:15
772,Pamela Taylor,michael33@example.com,2021-01-07 11:58:11
773,Katherine Hooper,smarquez@example.net,2020-06-08 17:35:01
774,Sharon Potter,riverselizabeth@example.org,2024-01-26 11:23:08
775,Robert Doyle,gatesalexis@example.net,2023-01-26 05:55:45
776,David Estrada,davisshannon@example.net,2024-09-18 00:52:47
777,George Glover,nancy69@example.org,2021-12-28 11:45:40
778,Kenneth Mitchell,gatesjustin@example.net,2020-06-27 08:43:25
779,Thomas Reyes,vegakenneth@example.net,2022-01-05 00:23:49
780,Cesar Perez,christopher74@example.net,2023-01-23 05:15:30
781,Fernando Myers,ojones@example.net,2023-08-02 19:08:20
782,Jessica Bryan,shernandez@example.org,2021-05-03 21:58:54
783,Tanya Armstrong,ambercook@example.com,2020-04-01 14:23:11
784,Jonathan Woods,jodi41@example.net,2022-01-29 04:15:44
785,Sherry Thomas,adriana13@example.net,2020-02-01 13:09:22
786,Lauren Morris,fwallace@example.com,2022-12-07 10:48:47
787,Joshua Castaneda,whitenatasha@example.org,2020-05-02 20:50:50
788,Gary Zimmerman,patrick22@example.com,2021-10-05 15:58:43
789,Kimberly Long,patriciacoleman@example.com,2023-01-20 17:57:48
790,Walter Kelly,kelly82@example.net,2024-01-06 02:32:58
791,Christine Simmons,robert97@example.net,2021-11-07 18:17:31
792,Rebecca Sanchez DDS,loriobrien@example.org,2021-05-26 11:22:58
793,Amanda Velazquez,lynchjennifer@example.org,2023-04-11 04:11:26
794,Mr. Casey Ray,wayneday@example.net,2021-08-08 01:56:38
795,Matthew Mitchell,cathyspence@example.org,2023-07-29 05:17:46
796,Rachel Taylor,crystaljackson@example.net,2024-05-21 15:27:37
797,Robert Jimenez,steven80@example.net,2021-01-19 14:31:51
798,Andrea Clark,qallen@example.com,2020-08-29 20:53:27
799,Sherri Brooks,donald37@example.com,2022-05-13 14:13:40
800,Carrie Owens,whitneyarnold@example.com,2023-05-01 06:03:35
801,Corey Rodriguez,abigail30@example.net,2020-08-07 22:15:59
802,Robin Harris,michael80@example.com,2023-05-17 22:40:10
803,Veronica Walker,rburns@example.org,2020-11-02 03:22:56
804,Melissa Stewart,rbrown@example.org,2021-08-18 03:12:31
805,Nicole Reynolds,rebecca24@example.com,2022-10-26 07:45:17
806,Michael Wiggins,troybarnett@example.net,2020-12-07 17:03:41
807,Ryan Alexander,mccoymichelle@example.com,2022-08-14 16:08:13
808,Kimberly Sims,reedphillip@example.org,2021-11-14 15:59:44
809,Donald White,alex96@example.com,2021-08-17 01:14:11
810,Jeremy Chapman DVM,charles94@example.com,2020-02-02 16:16:03
811,Kyle Robinson,smithjames@example.org,2023-02-09 06:23:58
812,Sherry Kane,vlee@example.com,2020-06-03 04:39:36
813,Sharon Richards,brianelliott@example.org,2020-02-06 13:32:22
814,Tara Horton,barrettcrystal@example.org,2022-11-09 03:07:04
815,Sara Randall,velasquezkimberly@example.net,2021-03-10 20:25:46
816,Brenda Perkins,mstone@example.net,2024-04-18 19:40:17
817,Jacob Shaw,williamsmorgan@example.net,2021-09-19 01:36:28
818,Frank Sellers,michaelwolfe@example.net,2022-03-31 12:48:49
819,James Murray,forbessarah@example.com,2020-01-16 06:44:10
820,Jennifer Michael MD,jenkinssuzanne@example.com,2024-11-23 18:39:41
821,Jessica George,thomas85@example.org,2022-02-01 04:47:33
822,Heather Oliver,jennifer06@example.com,2024-03-10 21:21:49
823,Kenneth Mcbride,edwardturner@example.org,2021-03-07 23:53:15
824,David Shaw,josephfoster@example.net,2021-10-31 04:03:48
825,Jordan Charles,rachel74@example.net,2024-12-03 23:30:31
826,Matthew Burch,stevenrose@example.net,2021-09-27 12:50:29
827,Brittney Barker,kaylahowell@example.net,2022-07-08 21:38:27
828,Holly Compton,john63@example.com,2022-05-24 08:55:41
829,Dr. Jorge Marks,kbell@example.net,2024-04-03 15:40:38
830,Samantha Torres,ngreen@example.net,2020-03-09 07:03:33
831,Charles Ramos,banksjames@example.net,2021-01-08 15:57:37
832,John Huerta,kerrtravis@example.net,2023-06-24 20:34:41
833,Belinda Wise,whitney44@example.net,2022-08-26 06:41:08
834,Dennis Fox,dhoward@example.org,2021-03-02 10:32:31
835,Erica Horton,riversheather@example.org,2021-10-29 16:57:12
836,Adam Fleming,christopherfoster@example.com,2022-01-09 23:50:29
837,Jose Woods,gracedavis@example.org,2023-05-14 23:14:58
838,Nicholas Dominguez,gilmoremichelle@example.net,2023-11-09 18:14:26
839,Frank Diaz,humphreygail@example.net,2021-09-06 08:50:00
840,Sergio Mejia,kelly86@example.net,2023-08-21 03:53:35
841,Deborah Moore,cohenjennifer@example.net,2023-05-19 07:19:02
842,Steven Lee,gordongloria@example.org,2024-03-11 00:53:19
843,Jennifer Garcia,sheamatthew@example.com,2021-12-08 12:57:42
844,Wayne Tucker,danny13@example.net,2024-07-02 08:07:30
845,Guy Howe,richard28@example.net,2024-11-12 11:40:05
846,Kurt Johnson,lindsey97@example.com,2022-06-06 21:03:24
847,Megan Ayala,wbarnes@example.org,2023-03-20 13:15:49
848,Allen Simmons,ucook@example.net,2024-09-07 18:11:21
849,Susan Prince,hornekristen@example.com,2023-11-16 13:44:48
850,Angela Guerrero DVM,melissajohnson@example.net,2021-07-11 08:10:47
851,Mark Ward,mmay@example.net,2024-11-08 05:24:36
852,Nicholas Campbell,powelltimothy@example.com,2021-11-15 09:48:40
853,Rachael Berry,leah74@example.com,2022-09-24 13:57:10
854,Amy Sheppard,dustinellis@example.net,2021-04-04 18:55:38
855,Elizabeth Ramirez,qrojas@example.com,2023-11-30 19:47:09
856,Karen Guzman,matthew27@example.org,2022-04-17 03:04:57
857,Michael Jordan,cindygrant@example.net,2023-04-11 15:13:44
858,Scott Guzman,gjones@example.com,2023-08-01 23:56:36
859,Patrick Richards,carterchristopher@example.com,2023-03-26 15:11:47
860,Deborah Beltran,rachel73@example.net,2020-10-04 02:49:00
861,Richard Hardin,oriley@example.com,2024-08-28 07:37:48
862,David Benitez,cward@example.org,2020-02-05 16:12:03
863,Mike Koch,marykim@example.org,2024-05-08 13:09:37
864,Samantha Kelly,tiffanymunoz@example.org,2021-09-28 08:56:27
865,Felicia Jackson,uwade@example.org,2024-06-16 18:06:39
866,Dr. Paul Wong,amandajennings@example.com,2021-05-16 13:33:30
867,Melissa Scott,wwu@example.org,2021-05-01 18:33:19
868,Max Wallace,turnerlisa@example.org,2022-10-24 17:19:49
869,Robin King,julia53@example.org,2024-08-16 03:22:20
870,William Simon,tyrone30@example.com,2020-01-25 11:43:48
871,Mandy Johnson,ucraig@example.org,2024-01-30 23:57:18
872,Kristin Perez,kerryphillips@example.org,2024-09-14 08:13:51
873,Dennis Stevens,millermarissa@example.com,2021-01-29 11:09:11
874,Joshua Sutton,robertsonalexander@example.com,2023-05-18 17:28:30
875,William Lutz,michael04@example.org,2024-01-31 01:05:35
876,Denise Nichols,rburton@example.org,2020-12-20 08:46:22
877,Julia Alvarez,fburnett@example.org,2020-06-26 14:13:55
878,Patrick Reeves,juan50@example.com,2024-01-05 12:04:51
879,Jasmine Jones,staceymarks@example.org,2021-01-14 14:50:05
880,Steven Parker,christopher81@example.org,2023-10-18 05:59:02
881,James Martin,yzamora@example.org,2022-10-22 04:56:14
882,Katherine Perez,newmancurtis@example.net,2023-06-07 09:26:20
883,Sarah Ortega,nicholas03@example.org,2021-11-27 14:29:54
884,Jane Neal,fostertina@example.com,2021-02-18 01:08:48
885,Andrew Strickland,ischwartz@example.com,2021-03-21 19:32:58
886,Suzanne Parker,jrodriguez@example.org,2023-02-11 16:08:21
887,Alexander Moore,brianwilson@example.net,2024-06-16 07:55:22
888,Renee Hendricks,llewis@example.org,2020-07-20 01:55:06
889,Tricia Gonzalez,jennifer32@example.net,2022-07-18 15:56:07
890,Audrey Wolf,cbaldwin@example.org,2022-05-24 13:36:20
891,Heather Green,jason14@example.org,2020-03-05 13:25:18
892,Debbie Hill,dickersontonya@example.com,2024-02-12 23:36:37
893,Bradley Mitchell,cordovavirginia@example.org,2023-12-21 19:21:17
894,Robert Moore,mossmichael@example.net,2023-12-18 19:27:51
895,Bobby Cook,hughestanya@example.net,2024-08-31 05:46:36
896,Larry Peterson,mbaker@example.com,2022-11-21 06:37:38
897,Christine Dyer,bondbryan@example.org,2021-08-22 03:30:03
898,Jay Williams,austin91@example.org,2021-12-24 11:07:26
899,Martin White,tonya62@example.org,2020-03-01 14:29:23
900,Tyler Espinoza,heidi76@example.org,2020-06-06 06:24:26
901,Rebecca Church MD,chad43@example.com,2020-11-28 06:22:20
902,Stephen Herrera,troy27@example.net,2021-07-19 05:38:51
903,Richard Hall,jack20@example.net,2020-05-09 14:35:07
904,Monica Bennett,john53@example.org,2021-03-21 22:18:28
905,Anthony Johnson,hilljulia@example.net,2022-07-11 02:27:36
906,Joshua Francis,pharris@example.org,2022-05-27 18:24:47
907,Johnathan Stokes,scott25@example.com,2023-02-06 04:54:37
908,Andrea Le,masoncharles@example.org,2024-03-31 18:28:11
909,Joseph Anderson,allisonwarner@example.net,2022-12-09 23:25:34
910,Jon Lester,randalljohnson@example.net,2022-11-09 07:58:00
911,Amber Reynolds,lrodriguez@example.org,2021-01-19 07:38:00
912,Keith Wilkerson,xbean@example.org,2022-06-26 15:47:22
913,David Kirby,brandon68@example.net,2022-09-29 18:12:26
914,John Smith,debra06@example.org,2023-06-15 06:51:52
915,Marcus Lowe,nmatthews@example.com,2024-02-08 04:13:23
916,Patricia Fisher,elizabeth95@example.com,2024-11-18 11:14:43
917,Ashley Palmer,branchkim@example.com,2022-08-17 20:04:01
918,Kevin Warner,chambersgregory@example.net,2024-11-15 17:26:30
919,Ashlee Howard,daniellee@example.net,2024-09-22 05:49:14
920,Lawrence Hill,darrenle@example.org,2022-11-08 10:48:15
921,John Martin,jflores@example.com,2020-01-12 08:18:17
922,Hannah Avila,storres@example.com,2021-02-01 00:30:18
923,Eric Reid,sabrinamartin@example.org,2022-01-21 11:20:25
924,Kimberly Cole,ophillips@example.org,2022-07-10 07:21:59
925,Allison White,shannonmueller@example.net,2022-04-30 22:29:48
926,Erin Simon,starkthomas@example.com,2021-04-19 04:35:38
927,Robert Roberts,vnguyen@example.org,2022-08-09 11:18:14
928,Sean Smith,watersjim@example.com,2022-01-26 10:54:59
929,David Sherman,jacobcollins@example.org,2023-06-04 00:54:46
930,Diane Williams,hannah61@example.org,2024-05-20 17:54:47
931,Trevor Medina,xwheeler@example.org,2020-03-29 14:59:18
932,Cheryl Davis,aacevedo@example.net,2023-01-04 01:01:54
933,Tiffany Johnson,rhartman@example.net,2024-08-31 20:50:45
934,Henry Smith,clarkadrian@example.net,2023-09-16 01:07:57
935,Michael Mora,ydavis@example.org,2021-12-09 18:20:39
936,Eric Walker,cassandrabrown@example.net,2021-09-13 16:12:29
937,Julian Hall,duranerica@example.com,2020-06-18 20:05:28
938,Larry Miller,zjohnson@example.org,2024-10-18 13:52:49
939,Nicole Rasmussen,ngrant@example.org,2021-05-23 22:08:25
940,Mark Stone,georgenovak@example.net,2021-08-13 10:05:49
941,Rebecca Holland,jli@example.net,2022-07-24 18:19:02
942,Matthew Riggs,echavez@example.org,2023-02-09 08:26:56
943,Tracey Payne,dgregory@example.org,2021-03-14 18:32:14
944,Jordan Branch,dennisforbes@example.com,2024-04-24 12:30:02
945,Shannon Rivera,joehuff@example.org,2020-03-02 05:01:14
946,Shane Turner,justinmorgan@example.org,2021-10-16 02:29:19
947,Barbara Jackson,oreid@example.org,2020-03-13 18:05:44
948,Mallory Davis,christianhenderson@example.com,2023-10-31 22:49:59
949,Lindsey Gonzalez,ariana64@example.com,2022-08-14 14:37:49
950,Ryan Morales,anthony89@example.org,2021-03-26 15:12:38
951,Penny Wong,emilytorres@example.net,2020-06-15 11:24:31
952,Regina Stone,barbara58@example.net,2022-10-23 07:19:08
953,Diane Moss,debra31@example.com,2023-10-28 16:37:09
954,George Long,davidbarajas@example.com,2020-12-26 14:51:18
955,Eric Sellers,jennadavis@example.org,2021-05-01 02:19:46
956,Gary Hobbs,nchapman@example.net,2022-09-30 09:21:51
957,Martha Payne,reynoldstamara@example.com,2024-10-12 06:43:19
958,Anthony Mckinney,williamsanchez@example.org,2021-11-17 22:33:04
959,Philip Green,rgraham@example.org,2021-07-30 12:23:39
960,Brian Smith,eric68@example.org,2021-06-10 15:39:20
961,David Williams,gordonamanda@example.com,2022-12-16 03:45:58
962,David Allen,brandonortega@example.com,2024-01-13 13:32:59
963,Vanessa Johnson,cbrown@example.com,2022-06-01 15:18:18
964,Philip Kennedy,kmiles@example.org,2023-11-28 19:58:33
965,Todd Martin,susan47@example.com,2023-12-20 23:59:21
966,James Ball,tannerwilliams@example.net,2020-11-06 10:55:26
967,Wayne Lambert,jakemontgomery@example.net,2022-07-30 06:26:54
968,Paula Cruz,imosley@example.net,2020-07-02 03:06:06
969,Jennifer Schultz,fjensen@example.org,2020-01-30 12:38:23
970,Angela Davis,ryangross@example.com,2024-06-11 21:29:14
971,Robert Mccall,esmith@example.net,2022-10-08 15:05:41
972,Jonathan Hart,joseph78@example.com,2024-04-30 04:22:32
973,Robert Hamilton,frank31@example.net,2020-07-06 20:42:46
974,Beth Olsen,smartin@example.net,2022-03-29 23:10:51
975,Michael Jones,glowery@example.com,2021-12-03 21:13:58
976,Todd Turner,elizabethanderson@example.net,2023-05-05 12:41:51
977,Jamie Robbins,richard73@example.com,2022-01-19 11:53:42
978,Regina Foster,vhicks@example.com,2021-06-22 17:12:19
979,Amber Baker,shall@example.org,2020-11-07 13:13:52
980,Gerald Kane,savagejeffrey@example.net,2024-10-29 11:03:08
981,Chad Bailey,turnerrebecca@example.org,2023-12-04 09:56:36
982,Sheila Miller,joseph72@example.org,2023-12-06 23:06:01
983,Alicia Harrington,nallen@example.com,2023-05-12 14:52:33
984,Amanda Clark,johngreene@example.net,2024-11-30 05:32:20
985,Jason Neal,ryan48@example.org,2020-01-13 04:13:16
986,Eric Mckenzie,gjones@example.org,2021-07-07 00:52:51
987,Julie Nicholson,jamesholloway@example.org,2024-04-19 04:54:37
988,Dr. Valerie Jackson,wanda64@example.net,2022-02-03 06:16:55
989,Michael Fisher,cmolina@example.com,2022-04-10 18:13:34
990,Robert Robinson,jenniferfarmer@example.net,2021-02-05 10:13:40
991,Matthew Walsh,amandahahn@example.com,2020-01-23 09:33:23
992,Edward Walter,jenna54@example.org,2024-09-10 00:45:58
993,Bradley Walters,whiteheadlisa@example.net,2021-10-05 14:07:19
994,Christopher Delgado,zunigahoward@example.org,2020-03-19 20:43:44
995,Brandy Foster,parkmichael@example.com,2023-05-06 18:36:28
996,Kayla Wagner,meghan72@example.net,2023-01-18 06:56:09
997,Bryan Jimenez,andersonchristopher@example.net,2024-01-05 03:30:52
998,Gregory Mendez,ann45@example.net,2020-02-12 09:56:41
999,Bonnie Brown,osbornedavid@example.net,2022-04-16 22:44:31
1000,Michael Mueller,janet48@example.org,2020-12-24 15:34:49
